"DESCRIPTION","DURATION IN MS","NAME","PARENT SUITE","START TIME","STATUS","STOP TIME","SUB SUITE","SUITE","TEST CLASS","TEST METHOD"
"","387632","test_rag_evaluation","tests","2026-09-28","failed","2026-09-28","","test_rag_evaluation","",""
"RAG retrieval evaluation for: What is Playwright Page Object Model?","349624","RAG005 - Retrieval Evaluation","tests","2026-09-29","failed","2026-09-29","","test_rag_evaluation","",""
"","634291","test_rag_evaluation","","2026-09-28","passed","2026-09-28","","","",""
"","397785","test_retrieval_evaluation","tests","2026-09-29","failed","2026-09-29","","test_retrieval_evaluation","",""
"","849279","test_rag_evaluation","tests","2026-09-30","passed","2026-09-30","","test_retrieval_evaluation","",""
"","103305","test_llm_evaluation[TC003]","tests","2026-09-15","passed","2026-09-15","","test_llm_evaluation","",""
"RAG retrieval evaluation for: How can Page Object Model and fixtures be used together in Playwright?","156957","RAG006 - Retrieval Evaluation","","2026-09-29","passed","2026-09-29","","","",""
"","341082","test_retrieval_evaluation","","2026-09-29","passed","2026-09-29","","","",""
"RAG retrieval evaluation for: Which browsers and programming languages does Playwright support?","182694","RAG003 - Retrieval Evaluation","tests","2026-09-29","failed","2026-09-29","","test_rag_evaluation","",""
"","560163","test_grounding_evaluation","tests","2026-09-29","failed","2026-09-29","","test_grounding_evaluation","",""
"RAG retrieval evaluation for: What are Playwright fixtures used for?","84126","RAG002 - Retrieval Evaluation","","2026-09-29","passed","2026-09-29","","","",""
"RAG retrieval evaluation for: What are Playwright fixtures used for?","119356","RAG002 - Retrieval Evaluation","tests","2026-09-29","failed","2026-09-29","","test_rag_evaluation","",""
"","98931","test_llm_evaluation[TC002]","tests","2026-09-15","passed","2026-09-15","","test_llm_evaluation","",""
"RAG retrieval evaluation for: What programming languages does Playwright support?","158038","RAG004 - Retrieval Evaluation","tests","2026-09-29","failed","2026-09-29","","test_rag_evaluation","",""
"","40215","test_rag_evaluation","","2026-09-28","passed","2026-09-28","","","",""
"RAG retrieval evaluation for: Which browsers does Playwright support?","391792","RAG001 - Retrieval Evaluation","tests","2026-09-29","failed","2026-09-29","","test_rag_evaluation","",""
"","120423","test_llm_evaluation[TC001]","tests","2026-09-15","passed","2026-09-15","","test_llm_evaluation","",""
